{"sbj_id":{"0":"sub-032362","1":"sub-032344","2":"sub-032423","3":"sub-032422","4":"sub-032363","5":"sub-032330","6":"sub-032389","7":"sub-032345","8":"sub-032390","9":"sub-032424","10":"sub-032365","11":"sub-032364","12":"sub-032342","13":"sub-032391","14":"sub-032328","15":"sub-032425","16":"sub-032354","17":"sub-032387","18":"sub-032380","19":"sub-032375","20":"sub-032353","21":"sub-032381","22":"sub-032360","23":"sub-032359","24":"sub-032358","25":"sub-032361","26":"sub-032367","27":"sub-032334","28":"sub-032366","29":"sub-032393","30":"sub-032370","31":"sub-032356","32":"sub-032349","33":"sub-032385","34":"sub-032348","35":"sub-032371","36":"sub-032304","37":"sub-032368","38":"sub-032377","39":"sub-032369"},"DMN_part_corr_mean":{"0":0.2070973883,"1":0.1998286927,"2":0.1966419695,"3":0.2089060051,"4":0.2028546263,"5":0.2039370565,"6":0.2109334278,"7":0.2064727393,"8":0.1784746246,"9":0.1715647074,"10":0.1980338329,"11":0.2106333845,"12":0.1893070268,"13":0.2073451695,"14":0.2070047613,"15":0.2221488117,"16":0.2179149741,"17":0.2099701724,"18":0.1214123257,"19":0.2128810112,"20":0.2004062692,"21":0.216140301,"22":0.2255776417,"23":0.2190831504,"24":0.1941200689,"25":0.1939557879,"26":0.2049905052,"27":0.1933258865,"28":0.2232406419,"29":0.1854252978,"30":0.1923898058,"31":0.2013568995,"32":0.1762866424,"33":0.191014105,"34":0.2154732021,"35":0.2123374678,"36":0.2026913548,"37":0.207964899,"38":0.2103038728,"39":0.2022071639},"PCC_LTJ":{"0":0.1263639182,"1":0.3502025008,"2":0.2796984315,"3":0.0994036347,"4":0.2680088282,"5":0.278465718,"6":0.1301778853,"7":0.4046282768,"8":0.3847524226,"9":0.2059602439,"10":0.136118561,"11":0.2833274007,"12":0.2125198841,"13":0.0800365508,"14":0.1407408267,"15":0.2892702222,"16":0.0764549002,"17":-0.0219523292,"18":0.4357710183,"19":0.1878440678,"20":0.5584239364,"21":0.4553342462,"22":0.2918689251,"23":0.3832639754,"24":0.424885869,"25":0.3382514119,"26":0.0532635562,"27":0.1130164042,"28":0.0799852908,"29":0.360434711,"30":0.2687729299,"31":0.1255655736,"32":0.1940554231,"33":0.5459917784,"34":0.2536438406,"35":0.2524263561,"36":0.3253825605,"37":0.2118465453,"38":0.2065208107,"39":0.1709274203},"PCC_RTJ":{"0":0.3842678964,"1":0.3109883368,"2":0.4501763284,"3":0.4046529531,"4":0.2951015532,"5":0.2929638028,"6":0.2220604718,"7":0.0557232983,"8":0.3185247481,"9":0.1665252149,"10":0.565527916,"11":0.3619596064,"12":0.0489010923,"13":0.525657177,"14":0.1538614333,"15":0.0569808036,"16":0.2177274376,"17":0.2762848735,"18":0.696467638,"19":0.0334445983,"20":0.1472082138,"21":0.1510210335,"22":-0.033349704,"23":0.0875069648,"24":0.149502784,"25":0.3792925179,"26":0.2752715647,"27":0.2811912596,"28":0.3070922494,"29":0.2761282623,"30":0.429970026,"31":0.17157574,"32":0.5093221068,"33":0.2802092135,"34":0.1298824847,"35":0.3225702941,"36":0.3644154966,"37":0.532309413,"38":0.3306424618,"39":0.1886131316},"PCC_MPC":{"0":0.5277337432,"1":0.682602942,"2":0.3692275882,"3":0.7412871718,"4":0.6098253131,"5":0.1645935923,"6":0.3488805294,"7":0.4363137186,"8":0.3491844535,"9":0.3653542995,"10":0.4111963212,"11":0.7490988374,"12":0.3842869103,"13":0.514372766,"14":0.4270069301,"15":0.603225112,"16":0.6865035295,"17":0.615434885,"18":0.6065243483,"19":0.4199492335,"20":0.5348573327,"21":0.5448769927,"22":0.6899425983,"23":0.4770339131,"24":0.5639295578,"25":0.7041452527,"26":0.6448017955,"27":0.4972237647,"28":0.6433858871,"29":0.5114288926,"30":0.4193117917,"31":0.4970920086,"32":0.2584385574,"33":0.6814522743,"34":0.6269630194,"35":0.2636676133,"36":0.4149010479,"37":0.3409959078,"38":0.616666615,"39":0.5626941919},"LTJ_PCC":{"0":0.1263639182,"1":0.3502023816,"2":0.2796984315,"3":0.0994037092,"4":0.268008858,"5":0.2784656882,"6":0.1301778704,"7":0.4046281874,"8":0.384752363,"9":0.2059602737,"10":0.136118561,"11":0.2833273113,"12":0.2125198841,"13":0.0800365284,"14":0.1407407224,"15":0.2892702818,"16":0.0764549375,"17":-0.0219523273,"18":0.4357709587,"19":0.1878440678,"20":0.5584238768,"21":0.4553342462,"22":0.2918690443,"23":0.3832640052,"24":0.4248858094,"25":0.3382513225,"26":0.0532636382,"27":0.1130164936,"28":0.0799851492,"29":0.3604347706,"30":0.2687728703,"31":0.1255655289,"32":0.1940554231,"33":0.5459918976,"34":0.25364393,"35":0.2524264157,"36":0.3253825903,"37":0.2118465304,"38":0.2065207511,"39":0.1709274352},"LTJ_RTJ":{"0":0.2861321568,"1":0.3730595708,"2":0.226452902,"3":0.6197456121,"4":0.6120287776,"5":0.6033136249,"6":0.6803179383,"7":0.6378096938,"8":0.4267202914,"9":0.766700089,"10":0.2519782484,"11":0.4306819439,"12":0.6951974034,"13":0.4427853823,"14":0.6198093295,"15":0.559612751,"16":0.5256745815,"17":0.666108191,"18":-0.1752053499,"19":0.7133722305,"20":0.3906998038,"21":0.4389672875,"22":0.6994393468,"23":0.502104044,"24":0.5489580035,"25":0.2353154868,"26":0.4664293528,"27":0.4266587198,"28":0.7265359163,"29":0.4827093482,"30":0.2878501415,"31":0.5049748421,"32":0.2318563163,"33":0.3286930025,"34":0.695505023,"35":0.55731076,"36":0.5078837276,"37":0.2436228842,"38":0.2835865617,"39":0.764387846},"LTJ_MPC":{"0":0.2908015847,"1":0.1706033349,"2":0.4708802104,"3":0.1995783001,"4":-0.0767565891,"5":0.3880399466,"6":0.075182803,"7":0.2860813737,"8":0.0671607926,"9":0.0192918014,"10":0.353351146,"11":0.0922901183,"12":0.2901261747,"13":0.2877400517,"14":0.2844232619,"15":0.1083410606,"16":0.2774159312,"17":-0.0421597995,"18":-0.2835881412,"19":0.0847143829,"20":-0.2863823175,"21":0.0893199146,"22":0.0660058782,"23":0.1033048257,"24":0.0186531357,"25":-0.0222826917,"26":0.463524282,"27":0.3659614921,"28":0.0205846205,"29":0.0342213213,"30":0.3007032275,"31":0.2613989413,"32":0.4136966169,"33":-0.0380957834,"34":-0.09916915,"35":0.5640732646,"36":-0.049779132,"37":0.069226563,"38":0.4215398729,"39":0.4895538688},"RTJ_PCC":{"0":0.3842678964,"1":0.310988456,"2":0.4501762986,"3":0.4046528935,"4":0.2951015532,"5":0.292963773,"6":0.2220604271,"7":0.0557233915,"8":0.3185247779,"9":0.1665252,"10":0.565527916,"11":0.3619596064,"12":0.0489010215,"13":0.525657177,"14":0.1538614631,"15":0.0569806658,"16":0.2177274376,"17":0.2762847841,"18":0.696467638,"19":0.0334445722,"20":0.1472083181,"21":0.1510210335,"22":-0.0333497263,"23":0.0875068381,"24":0.1495028585,"25":0.3792925477,"26":0.2752715051,"27":0.2811912298,"28":0.307092458,"29":0.2761282921,"30":0.4299700856,"31":0.1715758294,"32":0.5093221068,"33":0.2802090943,"34":0.1298823655,"35":0.3225703239,"36":0.3644155264,"37":0.532309413,"38":0.3306425214,"39":0.1886131912},"RTJ_LTJ":{"0":0.2861321867,"1":0.3730595112,"2":0.2264529169,"3":0.6197456717,"4":0.6120287776,"5":0.6033135653,"6":0.6803179383,"7":0.6378096938,"8":0.4267202914,"9":0.7667000294,"10":0.2519782782,"11":0.4306819141,"12":0.6951975226,"13":0.4427852631,"14":0.6198093295,"15":0.5596126914,"16":0.5256745815,"17":0.666108191,"18":-0.1752053499,"19":0.7133721113,"20":0.3906997144,"21":0.4389672577,"22":0.6994393468,"23":0.5021039844,"24":0.5489579439,"25":0.2353154272,"26":0.4664294422,"27":0.4266587496,"28":0.7265357971,"29":0.482709378,"30":0.2878500819,"31":0.5049749017,"32":0.2318563312,"33":0.3286931813,"34":0.6955049634,"35":0.55731076,"36":0.5078837872,"37":0.243622914,"38":0.2835865021,"39":0.764387846},"RTJ_MPC":{"0":0.0414798222,"1":-0.2888271511,"2":-0.223299697,"3":-0.3934196532,"4":-0.0853708684,"5":-0.0958801806,"6":0.2308478057,"7":-0.1687744707,"8":-0.1185457036,"9":-0.1513139457,"10":-0.1339015514,"11":-0.2322907299,"12":-0.1165752634,"13":-0.1918305159,"14":0.0301963314,"15":0.1597606093,"16":-0.040456634,"17":0.1860456169,"18":-0.3086708784,"19":0.2637236714,"20":0.2584432065,"21":0.0496029109,"22":0.0907140076,"23":0.199451521,"24":-0.1529687792,"25":-0.0830755979,"26":-0.2633666396,"27":-0.1374445707,"28":0.0083412034,"29":-0.1815201938,"30":-0.1674896479,"31":0.0502480306,"32":-0.1970758736,"33":-0.2701377571,"34":0.1169604287,"35":-0.2613485456,"36":0.0587270521,"37":0.265717864,"38":-0.1765252501,"39":-0.5585191846},"MPC_PCC":{"0":0.5277336836,"1":0.682602942,"2":0.3692275882,