{"sbj_id":{"0":"sub-032362","1":"sub-032344","2":"sub-032423","3":"sub-032422","4":"sub-032363","5":"sub-032330","6":"sub-032389","7":"sub-032345","8":"sub-032390","9":"sub-032424","10":"sub-032365","11":"sub-032364","12":"sub-032342","13":"sub-032391","14":"sub-032328","15":"sub-032425","16":"sub-032354","17":"sub-032387","18":"sub-032380","19":"sub-032375","20":"sub-032353","21":"sub-032381","22":"sub-032360","23":"sub-032359","24":"sub-032358","25":"sub-032361","26":"sub-032367","27":"sub-032334","28":"sub-032366","29":"sub-032393","30":"sub-032370","31":"sub-032356","32":"sub-032349","33":"sub-032385","34":"sub-032348","35":"sub-032371","36":"sub-032304","37":"sub-032368","38":"sub-032377","39":"sub-032369"},"DMN_corr_mean":{"0":0.465980202,"1":0.4586124122,"2":0.4152485169,"3":0.4168876801,"4":0.417706646,"5":0.488823723,"6":0.4971730709,"7":0.4919718206,"8":0.3488865551,"9":0.2702348048,"10":0.4146860093,"11":0.5180760026,"12":0.3729374446,"13":0.4551615044,"14":0.4520366341,"15":0.5261231214,"16":0.4984128475,"17":0.4416959062,"18":0.2503130223,"19":0.4925756902,"20":0.432664033,"21":0.5313496217,"22":0.5250813514,"23":0.5216693282,"24":0.3960715905,"25":0.456461817,"26":0.431663949,"27":0.3816626929,"28":0.5216018632,"29":0.3623667099,"30":0.4003214091,"31":0.4165711068,"32":0.3134111203,"33":0.4700792022,"34":0.4628034048,"35":0.5319004282,"36":0.4570822567,"37":0.5039140657,"38":0.5081009306,"39":0.3987714024},"DMN_act_mean":{"0":0.1181184126,"1":0.1544632797,"2":0.1576229994,"3":0.1637763384,"4":0.1429546029,"5":0.1188377658,"6":0.1291437341,"7":0.1441583633,"8":0.1389795717,"9":0.1306975118,"10":0.1215910584,"11":0.1365008683,"12":0.1409703455,"13":0.1226483879,"14":0.1372656665,"15":0.139806025,"16":0.136565242,"17":0.1718408139,"18":0.1003378655,"19":0.1181435262,"20":0.128249171,"21":0.1374922256,"22":0.1502395611,"23":0.1197164958,"24":0.1307310317,"25":0.1568096772,"26":0.1413086206,"27":0.1158720516,"28":0.1509174326,"29":0.1256309175,"30":0.1499992678,"31":0.1373909286,"32":0.1216846215,"33":0.1749766107,"34":0.1741106714,"35":0.1644295191,"36":0.161522172,"37":0.1410984189,"38":0.144904642,"39":0.1395584783},"PCC_LTJ":{"0":0.5913873315,"1":0.7579562068,"2":0.6739981771,"3":0.6179397106,"4":0.63304919,"5":0.729870975,"6":0.6186763644,"7":0.7698638439,"8":0.6490286589,"9":0.5113912225,"10":0.5637792945,"11":0.7572862506,"12":0.5147106051,"13":0.6190369725,"14":0.570946753,"15":0.7072387934,"16":0.6393013,"17":0.4332686067,"18":0.3789396882,"19":0.5874053836,"20":0.7047010064,"21":0.7974244952,"22":0.7043483853,"23":0.7369197011,"24":0.6855460405,"25":0.6486190557,"26":0.6376718283,"27":0.5259010196,"28":0.6664156318,"29":0.6373792291,"30":0.6276257634,"31":0.5192229748,"32":0.4894883037,"33":0.8183121085,"34":0.6145259738,"35":0.7797957063,"36":0.7080005407,"37":0.6273207068,"38":0.7720133662,"39":0.6839886904},"PCC_RTJ":{"0":0.6574758887,"1":0.5393187404,"2":0.588078022,"3":0.5528664589,"4":0.6430251598,"5":0.7050121427,"6":0.6595314145,"7":0.5898535252,"8":0.5919193625,"9":0.4826670885,"10":0.6917448044,"11":0.6755074263,"12":0.3880885243,"13":0.7092537284,"14":0.5321614742,"15":0.6321678162,"16":0.5986298919,"17":0.625475347,"18":0.6805170178,"19":0.5666321516,"20":0.6399928331,"21":0.6751334667,"22":0.5977900624,"23":0.6509679556,"24":0.5214416981,"25":0.6492190361,"26":0.4519384205,"27":0.4665651619,"28":0.7283303142,"29":0.5479489565,"30":0.6000795364,"31":0.4873631895,"32":0.5828689933,"33":0.5877527595,"34":0.6189748645,"35":0.7173890471,"36":0.73626405,"37":0.8120025992,"38":0.6013587117,"39":0.410077244},"PCC_MPC":{"0":0.7350592017,"1":0.81092906,"2":0.622695744,"3":0.7593864202,"4":0.6495687366,"5":0.5368399024,"6":0.632813096,"7":0.7116401792,"8":0.4292043447,"9":0.3195108771,"10":0.5955044031,"11":0.8539802432,"12":0.5373442769,"13":0.6629464626,"14":0.6310622692,"15":0.8000737429,"16":0.8216878772,"17":0.7554324865,"18":0.5350934863,"19":0.6515099406,"20":0.6344733834,"21":0.786126852,"22":0.8320093751,"23":0.7412114143,"24":0.6404597163,"25":0.8036042452,"26":0.7805427909,"27":0.6341691017,"28":0.7871274352,"29":0.5572730899,"30":0.5956369042,"31":0.6527202129,"32":0.3869787157,"33":0.7914569378,"34":0.7319565415,"35":0.6787355542,"36":0.5893810391,"37":0.7211321592,"38":0.841940105,"39":0.7211181521},"LTJ_PCC":{"0":0.5913873315,"1":0.7579562068,"2":0.6739981771,"3":0.6179397106,"4":0.63304919,"5":0.729870975,"6":0.6186763644,"7":0.7698638439,"8":0.6490286589,"9":0.5113912225,"10":0.5637792945,"11":0.7572862506,"12":0.5147106051,"13":0.6190369725,"14":0.570946753,"15":0.7072387934,"16":0.6393013,"17":0.4332686067,"18":0.3789396882,"19":0.5874053836,"20":0.7047010064,"21":0.7974244952,"22":0.7043483853,"23":0.7369197011,"24":0.6855460405,"25":0.6486190557,"26":0.6376718283,"27":0.5259010196,"28":0.6664156318,"29":0.6373792291,"30":0.6276257634,"31":0.5192229748,"32":0.4894883037,"33":0.8183121085,"34":0.6145259738,"35":0.7797957063,"36":0.7080005407,"37":0.6273207068,"38":0.7720133662,"39":0.6839886904},"LTJ_RTJ":{"0":0.5806773901,"1":0.5990257263,"2":0.4814465046,"3":0.7360771298,"4":0.7790151834,"5":0.8144754767,"6":0.832998991,"7":0.7785133719,"8":0.6457626224,"9":0.8311369419,"10":0.5231681466,"11":0.7161834836,"12":0.7492675185,"13":0.6692774296,"14":0.760016799,"15":0.7691725492,"16":0.7157170773,"17":0.7432015538,"18":0.1961611062,"19":0.8423841,"20":0.6405435801,"21":0.7390491962,"22":0.8254215121,"23":0.7558836341,"24":0.7022488713,"25":0.5617998242,"26":0.5695280433,"27":0.5536310673,"28":0.8577066064,"29":0.6635853648,"30":0.5351189971,"31":0.6554271579,"32":0.4057365656,"33":0.6453670859,"34":0.8091549873,"35":0.7835872769,"36":0.7634399533,"37":0.6351457238,"38":0.5853400826,"39":0.7316645384},"LTJ_MPC":{"0":0.6086941361,"1":0.6436246037,"2":0.6750207543,"3":0.4385767877,"4":0.3161448538,"5":0.632902801,"6":0.5904501081,"7":0.6544948816,"8":0.2925299704,"9":0.0396119989,"10":0.5581934452,"11":0.6454506516,"12":0.4890399873,"13":0.5476737022,"14":0.6062369347,"15":0.6692589521,"16":0.6589446068,"17":0.3941485882,"18":0.0132005746,"19":0.6319583058,"20":0.3350277841,"21":0.6751368642,"22":0.6579913497,"23":0.6560073495,"24":0.3960386515,"25":0.5047577024,"26":0.6921020746,"27":0.5604886413,"28":0.5439172387,"29":0.3171187341,"30":0.5423358083,"31":0.5543054938,"32":0.50104177,"33":0.5997471213,"34":0.4375372231,"35":0.7691586018,"36":0.4042064548,"37":0.5306481719,"38":0.7851492763,"39":0.5547195077},"RTJ_PCC":{"0":0.6574758887,"1":0.5393187404,"2":0.588078022,"3":0.5528664589,"4":0.6430251598,"5":0.7050121427,"6":0.6595314145,"7":0.5898535252,"8":0.5919193625,"9":0.4826670885,"10":0.6917448044,"11":0.6755074263,"12":0.3880885243,"13":0.7092537284,"14":0.5321614742,"15":0.6321678162,"16":0.5986298919,"17":0.625475347,"18":0.6805170178,"19":0.5666321516,"20":0.6399928331,"21":0.6751334667,"22":0.5977900624,"23":0.6509679556,"24":0.5214416981,"25":0.6492190361,"26":0.4519384205,"27":0.4665651619,"28":0.7283303142,"29":0.5479489565,"30":0.6000795364,"31":0.4873631895,"32":0.5828689933,"33":0.5877527595,"34":0.6189748645,"35":0.7173890471,"36":0.73626405,"37":0.8120025992,"38":0.6013587117,"39":0.410077244},"RTJ_LTJ":{"0":0.5806773901,"1":0.5990257263,"2":0.4814465046,"3":0.7360771298,"4":0.7790151834,"5":0.8144754767,"6":0.832998991,"7":0.7785133719,"8":0.6457626224,"9":0.8311369419,"10":0.5231681466,"11":0.7161834836,"12":0.7492675185,"13":0.6692774296,"14":0.760016799,"15":0.7691725492,"16":0.7157170773,"17":0.7432015538,"18":0.1961611062,"19":0.8423841,"20":0.6405435801,"21":0.7390491962,"22":0.8254215121,"23":0.7558836341,"24":0.7022488713,"25":0.5617998242,"26":0.5695280433,"27":0.5536310673,"28":0.8577066064,"29":0.6635853648,"30":0.5351189971,"31":0.6554271579,"32":0.4057365656,"33":0.6453670859,"34":0.8091549873,"35":0.7835872769,"36":0.7634399533,"37":0.6351457238,"38":0.5853400826,"39":0.7316645384},"RTJ_MPC":{"0":0.5545476675,"1":0.3180449605,"2":0.2807489336,"3":0.2302549332,"4":0.3208500445,